cui,code
C0178321,PheCode:870.0
C3266877,PheCode:198.0
C0344420,PheCode:426.32
C1879286,PheCode:426.3
C0264886,PheCode:426.0
C0007820,PheCode:433.0
C1370867,PheCode:986.0
C0151971,PheCode:556.1
C0156367,PheCode:619.1
C0030196,PheCode:773.0
C1533675,PheCode:377.0
C2143184,PheCode:395.4
C0018824,PheCode:395.0
C0156319,PheCode:610.8
C0809966,PheCode:172.2
C0007114,PheCode:172.0
C4554626,PheCode:327.4
C0851578,PheCode:327.0
C0029551,PheCode:348.0
C0017612,PheCode:365.1
C1962986,PheCode:365.0
C0423124,PheCode:374.6
C0153567,PheCode:182.0
C0376286,PheCode:261.0
C0002873,PheCode:285.2
C0472702,PheCode:285.0
C0012767,PheCode:520.2
C0037932,PheCode:737.0
C1455899,PheCode:792.0
C1510586,PheCode:313.0
C2349671,PheCode:783.1
C2230127,PheCode:783.0
C0869452,PheCode:519.0
C4553103,PheCode:394.3
C0018800,PheCode:416.0
C0009324,PheCode:555.2
C0810034,PheCode:580.0
C0478556,PheCode:1010.6
C0033677,PheCode:260.0
C0002949,PheCode:442.4
C0810316,PheCode:531.1
C1522057,PheCode:535.6
C0267166,PheCode:535.0
C0392618,PheCode:80.0
C0007102,PheCode:153.2
C0009404,PheCode:153.0
C0001621,PheCode:255.0
C0033740,PheCode:131.0
C0031115,PheCode:443.7
C0085096,PheCode:443.0
C0024128,PheCode:510.2
C0039494,PheCode:526.4
C0158369,PheCode:771.1
C2198078,PheCode:771.0
C0878544,PheCode:425.0
C0008311,PheCode:575.1
C0156217,PheCode:575.0
C0695245,PheCode:655.1
C0311394,PheCode:741.3
C0152086,PheCode:836.0
C0159078,PheCode:598.9
C0030567,PheCode:332.0
C0392702,PheCode:350.1
C0558189,PheCode:350.0
C3263723,PheCode:1009.0
C0002880,PheCode:283.1
C0002879,PheCode:283.0
C0270627,PheCode:323.2
C0014038,PheCode:323.0
C3257980,PheCode:1005.0
C0018889,PheCode:134.0
C0005684,PheCode:189.21
C0699885,PheCode:189.2
C1719651,PheCode:795.8
C0339573,PheCode:365.11
C0348668,PheCode:459.0
C0020450,PheCode:643.0
C0154223,PheCode:259.0
C3203102,PheCode:415.21
C0238074,PheCode:415.2
C0034072,PheCode:415.0
C4552864,PheCode:476.0
C0392440,PheCode:701.6
C0157727,PheCode:701.0
C1963279,PheCode:70.0
C4553314,PheCode:292.6
C0027765,PheCode:292.0
C0009766,PheCode:371.21
C4551678,PheCode:371.0
C0152227,PheCode:375.2
C1306503,PheCode:550.4
C0178282,PheCode:550.0
C0339543,PheCode:362.26
C0339436,PheCode:362.2
C0339438,PheCode:362.0
C0026946,PheCode:117.0
C3715208,PheCode:426.21
C0031036,PheCode:446.6
C0035445,PheCode:729.1
C0032463,PheCode:200.1
C0027022,PheCode:200.0
C0702159,PheCode:284.2
C0002874,PheCode:284.0
C1135334,PheCode:411.41
C0010054,PheCode:411.4
C0151744,PheCode:411.0
C0029586,PheCode:733.0
C0266015,PheCode:750.0
C0869523,PheCode:420.0
C0036091,PheCode:528.7
C0476235,PheCode:1002.0
C4303662,PheCode:214.1
C3489413,PheCode:214.0
C1384683,PheCode:364.9
C0152097,PheCode:513.8
C0231796,PheCode:513.0
C4555212,PheCode:272.1
C0149654,PheCode:312.0
C0030491,PheCode:696.2
C2957175,PheCode:250.22
C0011860,PheCode:250.2
C0011849,PheCode:250.0
C2745963,PheCode:716.3
C0039231,PheCode:427.7
C0003811,PheCode:427.0
C0016508,PheCode:755.1
C0004623,PheCode:41.0
C0750426,PheCode:288.2
C0023510,PheCode:288.0
C0002395,PheCode:290.13
C0497327,PheCode:290.1
C4067665,PheCode:290.0
C4552647,PheCode:358.1
C0027868,PheCode:358.0
C0495710,PheCode:573.9
C0159047,PheCode:292.12
C0410632,PheCode:722.3
C0158252,PheCode:722.0
C0041782,PheCode:281.9
C0154288,PheCode:281.0
C0155503,PheCode:386.21
C0156195,PheCode:573.1
C2697310,PheCode:697.0
C0022581,PheCode:701.1
C0153381,PheCode:145.0
C0029632,PheCode:282.8
C0002881,PheCode:282.0
C0154671,PheCode:331.9
C1456296,PheCode:290.2
C0278061,PheCode:292.4
C0156199,PheCode:574.11
C0008350,PheCode:574.1
C0917996,PheCode:433.5
C0024633,PheCode:530.7
C0014852,PheCode:530.0
C0022603,PheCode:702.2
C0241889,PheCode:1100.0
C0004998,PheCode:216.0
C0027066,PheCode:333.2
C0155874,PheCode:496.21
C0008677,PheCode:496.2
C0024117,PheCode:496.0
C0477810,PheCode:639.0
C0154054,PheCode:229.1
C0155006,PheCode:368.91
C0155001,PheCode:368.9
C0547030,PheCode:368.0
C0546826,PheCode:110.13
C0040247,PheCode:110.1
C0011854,PheCode:250.1
C0342579,PheCode:276.1
C0267994,PheCode:276.0
C1456324,PheCode:291.4
C0348741,PheCode:560.4
C0021844,PheCode:560.0
C0494230,PheCode:282.9
C0154700,PheCode:344.0
C0039106,PheCode:741.6
C0003125,PheCode:305.21
C0013473,PheCode:305.2
C0032285,PheCode:480.0
C0002753,PheCode:565.1
C0740266,PheCode:565.0
C0810313,PheCode:574.3
C1456784,PheCode:295.2
C0236988,PheCode:295.0
C0014547,PheCode:345.12
C0014544,PheCode:345.1
C0221763,PheCode:592.12
C1963088,PheCode:592.1
C0810320,PheCode:592.0
C0149910,PheCode:716.8
C0520679,PheCode:327.32
C4555214,PheCode:327.3
C0810297,PheCode:506.0
C0242172,PheCode:614.0
C0274397,PheCode:850.0
C0206368,PheCode:365.5
C0155527,PheCode:388.0
C0085602,PheCode:276.8
C1963138,PheCode:401.0
C0031925,PheCode:686.3
C0027134,PheCode:384.1
C0155951,PheCode:525.2
C0032024,PheCode:696.3
C0002395,PheCode:290.11
C0152105,PheCode:401.21
C0003811,PheCode:427.5
C0154289,PheCode:281.12
C0002888,PheCode:281.1
C0013456,PheCode:382.0
C0035854,PheCode:695.3
C0476319,PheCode:790.0
C0023449,PheCode:204.11
C0023448,PheCode:204.1
C1332977,PheCode:204.0
C3163620,PheCode:458.0
C0158026,PheCode:716.2
C0161577,PheCode:969.0
C0027794,PheCode:752.1
C0497552,PheCode:752.0
C0020635,PheCode:253.2
C0859058,PheCode:253.0
C0020621,PheCode:276.14
C3897071,PheCode:174.0
C0004153,PheCode:440.0
C0022548,PheCode:701.4
C0158548,PheCode:753.1
C2349615,PheCode:679.0
C0268029,PheCode:276.4
C0159065,PheCode:579.0
C1561828,PheCode:285.21
C0156313,PheCode:601.8
C0019326,PheCode:550.5
C0375489,PheCode:694.2
C1142132,PheCode:277.8
C0002892,PheCode:281.11
C1145628,PheCode:337.0
C4551932,PheCode:381.1
C0029899,PheCode:383.0
C0019069,PheCode:286.13
C0005779,PheCode:286.0
C2717961,PheCode:446.8
C1442902,PheCode:726.0
C0019360,PheCode:53.0
C0270890,PheCode:353.0
C0152198,PheCode:368.7
C0155679,PheCode:420.21
C1963211,PheCode:420.2
C0027430,PheCode:471.0
C1963154,PheCode:585.0
C1305875,PheCode:610.2
C0156407,PheCode:627.0
C0273346,PheCode:871.0
C1963068,PheCode:427.22
C0155709,PheCode:427.2
C0155734,PheCode:440.1
C0029421,PheCode:732.7
C0152091,PheCode:732.0
C0496836,PheCode:190.0
C0008373,PheCode:385.3
C0155472,PheCode:385.0
C0024103,PheCode:611.3
C1719602,PheCode:649.0
C4553221,PheCode:370.1
C1557321,PheCode:370.0
C0015674,PheCode:798.1
C0024528,PheCode:798.0
C0022408,PheCode:716.9
C0020649,PheCode:458.9
C0086981,PheCode:709.2
C1962983,PheCode:366.0
C0030312,PheCode:284.1
C1531394,PheCode:656.8
C0810060,PheCode:747.0
C0040147,PheCode:245.0
C2830589,PheCode:611.11
C0262365,PheCode:611.1
C0585442,PheCode:170.1
C0809965,PheCode:170.0
C0036220,PheCode:230.0
C0003469,PheCode:300.1
C0003469,PheCode:300.0
C1449744,PheCode:360.2
C0031707,PheCode:275.53
C0154260,PheCode:275.0
C0266929,PheCode:523.32
C0037859,PheCode:603.2
C0156408,PheCode:627.4
C0476690,PheCode:1089.0
C0024137,PheCode:695.41
C0029481,PheCode:790.6
C0260334,PheCode:501.0
C0392503,PheCode:560.2
C0020461,PheCode:276.13
C1456303,PheCode:291.1
C2931384,PheCode:433.32
C0007785,PheCode:433.3
C0036421,PheCode:709.3
C0029591,PheCode:277.5
C0235604,PheCode:287.4
C1318533,PheCode:289.8
C0391870,PheCode:289.9
C0036278,PheCode:701.2
C0274869,PheCode:985.0
C0029570,PheCode:277.6
C3499372,PheCode:327.6
C0159849,PheCode:800.4
C1542178,PheCode:800.0
C0030489,PheCode:270.32
C3875058,PheCode:270.3
C0004106,PheCode:367.2
C4553526,PheCode:540.1
C0810346,PheCode:654.0
C0042063,PheCode:751.0
C0494158,PheCode:189.11
C0809969,PheCode:189.1
C0158298,PheCode:724.9
C0686619,PheCode:198.1
C0008827,PheCode:571.51
C0029546,PheCode:571.5
C0042870,PheCode:261.4
C0005716,PheCode:117.3
C4553963,PheCode:252.1
C1522133,PheCode:272.11
C0034933,PheCode:350.5
C0152251,PheCode:695.1
C0809967,PheCode:184.0
C0156264,PheCode:594.2
C0236816,PheCode:300.8
C0017672,PheCode:529.6
C0031212,PheCode:301.0
C0158712,PheCode:754.0
C0034212,PheCode:686.5
C0038363,PheCode:528.12
C0032633,PheCode:705.1
C0017086,PheCode:791.0
C0011630,PheCode:110.2
C0271086,PheCode:362.5
C1850959,PheCode:364.51
C0010036,PheCode:364.5
C1142536,PheCode:480.13
C0004626,PheCode:480.1
C0154049,PheCode:228.1
C0677607,PheCode:245.2
C0028768,PheCode:300.3
C0029769,PheCode:704.8
C0159054,PheCode:516.0
C0155933,PheCode:522.0
C0028962,PheCode:599.6
C0007861,PheCode:614.51
C0153999,PheCode:218.0
C0332544,PheCode:278.4
C1561827,PheCode:278.0
C2004435,PheCode:441.0
C0231471,PheCode:781.2
C0496897,PheCode:224.0
C0029496,PheCode:286.7
C0022575,PheCode:375.1
C2240369,PheCode:426.91
C0028790,PheCode:433.2
C0012765,PheCode:527.7
C0036093,PheCode:527.0
C0161599,PheCode:972.0
C0152087,PheCode:274.2
C0809978,PheCode:274.0
C0022411,PheCode:742.1
C0155178,PheCode:939.1
C0184567,PheCode:338.1
C4553004,PheCode:338.0
C0155778,PheCode:454.1
C0042345,PheCode:454.0
C1368404,PheCode:149.3
C0206754,PheCode:209.0
C0014743,PheCode:695.81
C0029794,PheCode:695.8
C0342295,PheCode:250.21
C0022806,PheCode:260.21
C0154338,PheCode:290.3
C0349231,PheCode:300.13
C0026848,PheCode:359.2
C0026849,PheCode:359.0
C0022890,PheCode:386.3
C0032807,PheCode:452.8
C0006625,PheCode:260.1
C0042940,PheCode:473.4
C0242490,PheCode:726.1
C0158326,PheCode:727.0
C0029593,PheCode:253.7
C0159039,PheCode:287.1
C0154143,PheCode:242.2
C0040156,PheCode:242.0
C1560331,PheCode:532.0
C0161518,PheCode:963.0
C0595989,PheCode:149.4
C1260443,PheCode:250.42
C0580546,PheCode:250.4
C0156604,PheCode:636.3
C0333297,PheCode:707.3
C0157738,PheCode:707.0
C0008511,PheCode:363.0
C0023473,PheCode:204.22
C0023470,PheCode:204.2
C0012739,PheCode:286.6
C0346156,PheCode:610.4
C0160538,PheCode:870.6
C0086588,PheCode:260.22
C1998978,PheCode:260.3
C0013396,PheCode:536.8
C0156084,PheCode:536.0
C0042140,PheCode:618.0
C0497581,PheCode:187.0
C3714756,PheCode:315.3
C0155910,PheCode:503.0
C0037952,PheCode:334.1
C0155528,PheCode:389.3
C3887873,PheCode:389.0
C0014175,PheCode:615.0
C0494165,PheCode:198.4
C1847835,PheCode:694.1
C0004991,PheCode:208.0
C4554624,PheCode:275.51
C0155954,PheCode:526.5
C0478140,PheCode:1004.0
C0153340,PheCode:145.1
C0701168,PheCode:395.3
C0156182,PheCode:569.0
C2030717,PheCode:520.1
C0017181,PheCode:578.9
C0017181,PheCode:578.0
C0020506,PheCode:253.1
C0149516,PheCode:475.0
C0021403,PheCode:481.0
C0423729,PheCode:512.2
C0020578,PheCode:513.4
C0003872,PheCode:696.42
C0033860,PheCode:696.4
C1290601,PheCode:750.21
C0153464,PheCode:159.4
C0153468,PheCode:159.0
C0236664,PheCode:317.0
C0155572,PheCode:394.1
C4553925,PheCode:512.1
C0159063,PheCode:599.9
C0810275,PheCode:401.3
C0265004,PheCode:447.7
C0003860,PheCode:446.9
C0162871,PheCode:442.11
C0340629,PheCode:442.1
C0274526,PheCode:962.0
C0029595,PheCode:277.2
C0003862,PheCode:745.0
C0746507,PheCode:627.2
C0717360,PheCode:130.1
C0037974,PheCode:130.0
C0149931,PheCode:340.0
C0311355,PheCode:259.8
C0010623,PheCode:577.3
C0030286,PheCode:577.0
C0235618,PheCode:580.11
C0017658,PheCode:580.1
C0041834,PheCode:695.9
C0017154,PheCode:535.2
C1962972,PheCode:269.0
C0154251,PheCode:272.9
C0152226,PheCode:374.2
C0154211,PheCode:258.1
C0268613,PheCode:270.11
C0268641,PheCode:270.1
C0019080,PheCode:459.1
C0002736,PheCode:334.21
C0154681,PheCode:334.2
C0038002,PheCode:579.2
C0700639,PheCode:750.5
C0161693,PheCode:983.0
C4552820,PheCode:276.41
C0701157,PheCode:287.31
C0392386,PheCode:287.3
C0009726,PheCode:691.3
C3695318,PheCode:401.22
C0016202,PheCode:735.1
C0016507,PheCode:735.0
C0392682,PheCode:402.0
C0037650,PheCode:303.4
C1456587,PheCode:539.0
C0034186,PheCode:590.0
C1561822,PheCode:1013.0
C0375314,PheCode:458.2
C0311245,PheCode:751.21
C0158698,PheCode:751.2
C0040441,PheCode:873.0
C0085653,PheCode:686.4
C0040336,PheCode:318.0
C0018926,PheCode:578.1
C0021364,PheCode:609.1
C0005937,PheCode:733.2
C0080178,PheCode:752.11
C1302853,PheCode:172.22
C0020450,PheCode:643.1
C0019159,PheCode:70.1
C0153633,PheCode:191.11
C0809971,PheCode:191.1
C0270549,PheCode:300.11
C0263884,PheCode:765.0
C0040136,PheCode:193.0
C0155799,PheCode:450.0
C4048331,PheCode:165.1
C0155671,PheCode:415.1
C0029456,PheCode:743.11
C1962963,PheCode:743.1
C0424641,PheCode:781.1
C0010674,PheCode:499.0
C0677659,PheCode:530.14
C0205792,PheCode:618.6
C0810047,PheCode:661.0
C2931822,PheCode:149.2
C0340464,PheCode:427.6
C4551944,PheCode:531.3
C0015300,PheCode:242.3
C4553659,PheCode:251.1
C0524620,PheCode:277.7
C0085655,PheCode:709.4
C0035258,PheCode:327.71
C2231106,PheCode:327.7
C0149521,PheCode:577.2
C0154039,PheCode:227.0
C0036572,PheCode:345.3
C0006267,PheCode:496.3
C1962956,PheCode:561.2
C0154249,PheCode:271.0
C4553964,PheCode:327.1
C0003502,PheCode:395.2
C0271930,PheCode:644.0
C4552837,PheCode:994.2
C0008512,PheCode:363.3
C0149649,PheCode:444.5
C0035086,PheCode:588.1
C0677607,PheCode:245.21
C0175999,PheCode:502.0
C0019189,PheCode:70.4
C4082762,PheCode:110.11
C0025281,PheCode:386.1
C0156318,PheCode:610.3
C0085932,PheCode:695.2
C0001339,PheCode:577.1
C1963124,PheCode:285.8
C0155733,PheCode:440.9
C0036396,PheCode:764.0
C0158240,PheCode:721.0
C0158291,PheCode:763.0
C0018946,PheCode:430.3
C4554169,PheCode:430.0
C0156616,PheCode:635.2
C1442835,PheCode:938.0
C0155921,PheCode:519.1
C0158266,PheCode:722.6
C0015407,PheCode:369.2
C0029630,PheCode:426.25
C0268799,PheCode:586.2
C0403824,PheCode:609.2
C0404572,PheCode:626.15
C0038436,PheCode:300.9
C0007787,PheCode:433.31
C0002726,PheCode:270.33
C0012716,PheCode:275.3
C3495801,PheCode:446.4
C4553824,PheCode:521.1
C0155074,PheCode:370.2
C0162870,PheCode:442.2
C0476228,PheCode:687.2
C0051981,PheCode:31.1
C0020569,PheCode:527.1
C1719623,PheCode:729.7
C3814530,PheCode:911.0
C1690580,PheCode:930.0
C4551650,PheCode:530.3
C0019294,PheCode:550.1
C0157726,PheCode:700.0
C4303284,PheCode:175.0
C0810280,PheCode:414.0
C0011974,PheCode:949.1
C0156279,PheCode:592.21
C0495067,PheCode:592.2
C0155744,PheCode:442.3
C3891815,PheCode:711.1
C0157749,PheCode:711.0
C0018924,PheCode:741.5
C0042133,PheCode:218.1
C4552862,PheCode:276.42
C0020295,PheCode:595.0
C0261783,PheCode:962.3
C0085160,PheCode:705.3
C0260559,PheCode:638.0
C0153660,PheCode:195.3
C0154816,PheCode:361.2
C1533659,PheCode:361.0
C0348615,PheCode:425.12
C1279303,PheCode:250.12
C0033036,PheCode:427.61
C0023908,PheCode:573.2
C0156247,PheCode:586.11
C4553945,PheCode:760.0
C0004352,PheCode:313.3
C0156409,PheCode:627.3
C2107132,PheCode:749.0
C0010308,PheCode:244.5
C4553310,PheCode:244.0
C0341863,PheCode:626.12
C0007859,PheCode:761.0
C0036685,PheCode:38.1
C0243026,PheCode:38.0
C1367972,PheCode:451.0
C0149523,PheCode:592.11
C0272774,PheCode:801.1
C0030920,PheCode:531.4
C0149518,PheCode:535.1
C1112753,PheCode:159.2
C0267418,PheCode:558.0
C0263518,PheCode:704.12
C1559115,PheCode:704.1
C1963063,PheCode:260.6
C0015230,PheCode:687.1
C0375576,PheCode:286.9
C0525045,PheCode:296.0
C0494590,PheCode:395.1
C0023532,PheCode:528.6
C0004096,PheCode:495.0
C0002962,PheCode:411.3
C0155710,PheCode:427.41
C0042510,PheCode:427.4
C0029822,PheCode:443.8
C0152456,PheCode:575.6
C0342981,PheCode:702.4
C0152018,PheCode:150.0
C0263853,PheCode:721.2
C0013679,PheCode:1015.0
C0008370,PheCode:575.2
C0018932,PheCode:578.2
C0162819,PheCode:694.3
C0030326,PheCode:729.3
C0011124,PheCode:302.1
C0236989,PheCode:302.0
C0156154,PheCode:569.1
C0042974,PheCode:286.11
C0264134,PheCode:735.23
C0024305,PheCode:202.2
C0154920,PheCode:379.51
C0155959,PheCode:528.4
C0178238,PheCode:8.0
C0154129,PheCode:199.0
C1285368,PheCode:656.5
C0018784,PheCode:389.1
C0149959,PheCode:614.31
C0700502,PheCode:244.2
C0037650,PheCode:303.3
C0810283,PheCode:444.1
C3495439,PheCode:613.1
C0158352,PheCode:728.0
C0040701,PheCode:304.0
C0039236,PheCode:427.1
C0004691,PheCode:601.4
C0473390,PheCode:636.1
C0042749,PheCode:79.9
C0042769,PheCode:79.0
C1961131,PheCode:512.8
C1812623,PheCode:371.3
C0008031,PheCode:418.0
C3665652,PheCode:272.13
C4722185,PheCode:362.1
C0347243,PheCode:212.0
C4552807,PheCode:536.3
C0343251,PheCode:728.1
C2919142,PheCode:264.1
C0154844,PheCode:362.31
C0475534,PheCode:285.22
C0206504,PheCode:384.4
C0810296,PheCode:508.0
C0006444,PheCode:726.3
C0302473,PheCode:874.0
C1265292,PheCode:41.12
C0019158,PheCode:70.9
C0152447,PheCode:599.7
C0012714,PheCode:275.2
C0008049,PheCode:79.1
C0156369,PheCode:622.1
C0038013,PheCode:715.2
C0029644,PheCode:715.0
C0019163,PheCode:70.2
C0153959,PheCode:213.0
C0270736,PheCode:333.1
C0021122,PheCode:312.3
C0263851,PheCode:721.1
C2108093,PheCode:427.11
C0036983,PheCode:994.21
C0917967,PheCode:379.4
C0153618,PheCode:189.12
C0024205,PheCode:289.4
C0038437,PheCode:624.9
C0153325,PheCode:136.0
C0496956,PheCode:174.3
C0024299,PheCode:202.23
C0679560,PheCode:1010.4
C0723643,PheCode:306.9
C2242765,PheCode:738.4
C4553317,PheCode:531.2
C0012813,PheCode:562.2
C0810029,PheCode:562.0
C0007871,PheCode:636.8
C1270972,PheCode:292.2
C0029182,PheCode:376.0
C1971635,PheCode:379.1
C0427055,PheCode:772.6
C0022336,PheCode:324.1
C0809990,PheCode:324.0
C0006840,PheCode:112.0
C0042708,PheCode:8.6
C1442981,PheCode:317.11
C0001973,PheCode:317.1
C0495689,PheCode:350.6
C3495559,PheCode:714.2
C0158297,PheCode:724.8
C0021564,PheCode:912.0
C0265027,PheCode:217.1
C0271761,PheCode:241.2
C1318500,PheCode:241.0
C0035404,PheCode:654.2
C0864665,PheCode:71.1
C0154246,PheCode:270.21
C0158795,PheCode:759.0
C3203358,PheCode:513.3
C0022650,PheCode:594.1
C0162316,PheCode:280.0
C0149524,PheCode:601.11
C0033581,PheCode:601.1
C0158288,PheCode:720.1
C1861329,PheCode:720.0
C3887876,PheCode:740.0
C0010346,PheCode:555.1
C0022820,PheCode:737.3
C2350019,PheCode:514.2
C0151779,PheCode:172.11
C0021830,PheCode:271.3
C0750394,PheCode:288.1
C0853697,PheCode:288.11
C0234428,PheCode:291.8
C4554630,PheCode:593.0
C0810063,PheCode:637.0
C0023434,PheCode:204.12
C0028756,PheCode:278.11
C4759928,PheCode:278.1
C0019081,PheCode:578.8
C0600139,PheCode:185.0
C0497354,PheCode:507.0
C0149881,PheCode:601.3
C0026769,PheCode:335.0
C0151970,PheCode:530.12
C4554124,PheCode:288.3
C0271640,PheCode:249.0
C0392514,PheCode:275.11
C0012715,PheCode:275.1
C0085584,PheCode:348.8
C0035440,PheCode:394.4
C0037023,PheCode:527.2
C0002945,PheCode:442.8
C0034088,PheCode:509.2
C0037158,PheCode:240.0
C0154178,PheCode:250.13
C0342247,PheCode:250.23
C0013423,PheCode:333.4
C0155176,PheCode:371.33
C0575081,PheCode:350.2
C0155966,PheCode:530.6
C0036686,PheCode:38.2
C0024302,PheCode:202.22
C0039263,PheCode:446.7
C0155765,PheCode:448.0
C0034152,PheCode:287.2
C0155118,PheCode:364.4
C0018801,PheCode:428.2
C0810005,PheCode:428.0
C0033075,PheCode:367.4
C0151583,PheCode:346.3
C0005694,PheCode:596.1
C0151517,PheCode:426.24
C0017574,PheCode:523.1
C0014173,PheCode:621.0
C0003090,PheCode:741.1
C4554635,PheCode:252.2
C0159117,PheCode:259.1
C0032300,PheCode:480.11
C0157489,PheCode:647.3
C0013216,PheCode:197.0
C0032310,PheCode:480.2
C4554235,PheCode:704.2
C0029571,PheCode:333.8
C0035078,PheCode:585.2
C0152090,PheCode:715.3
C0023009,PheCode:315.2
C1963067,PheCode:427.21
C0024141,PheCode:695.42
C0157736,PheCode:706.8
C0158337,PheCode:727.5
C0154254,PheCode:270.31
C0392470,PheCode:426.4
C0016663,PheCode:743.2
C0018081,PheCode:90.2
C0154000,PheCode:221.0
C0157926,PheCode:740.11
C0409962,PheCode:740.1
C4552844,PheCode:320.0
C0342115,PheCode:241.1
C0010037,PheCode:364.2
C0001344,PheCode:465.2
C0038525,PheCode:430.1
C1261473,PheCode:170.2
C0023817,PheCode:272.14
C0032708,PheCode:277.1
C0154860,PheCode:362.7
C0340139,PheCode:500.0
C4553955,PheCode:599.3
C0156324,PheCode:613.7
C0161485,PheCode:960.0
C1962971,PheCode:420.1
C0232461,PheCode:260.7
C0152451,PheCode:580.14
C0157702,PheCode:681.5
C0154241,PheCode:263.0
C0018777,PheCode:389.2
C0155860,PheCode:480.12
C0151526,PheCode:636.2
C0013604,PheCode:782.3
C0014118,PheCode:420.3
C0038449,PheCode:447.1
C2937421,PheCode:600.0
C0149512,PheCode:464.0
C0153687,PheCode:198.7
C0221539,PheCode:292.5
C0522274,PheCode:279.11
C0810367,PheCode:656.3
C0036508,PheCode:690.1
C0014747,PheCode:690.0
C4553105,PheCode:427.42
C0263634,PheCode:701.5
C0018213,PheCode:242.1
C4554323,PheCode:785.0
C0154073,PheCode:172.3
C0002694,PheCode:872.0
C0027092,PheCode:367.1
C0161414,PheCode:952.0
C0019348,PheCode:54.0
C0810022,PheCode:479.0
C0014511,PheCode:706.2
C0878706,PheCode:264.9
C0260467,PheCode:289.3
C4554643,PheCode:475.9
C0154040,PheCode:227.1
C0549147,PheCode:429.9
C0034734,PheCode:443.1
C0156191,PheCode:571.8
C0375575,PheCode:790.9
C4554104,PheCode:297.1
C0260471,PheCode:564.9
C0030848,PheCode:604.3
C0007847,PheCode:180.1
C0005745,PheCode:374.3
C0152149,PheCode:626.21
C4553904,PheCode:626.2
C0154724,PheCode:348.4
C0156221,PheCode:580.13
C0154270,PheCode:278.3
C1963091,PheCode:561.1
C1260404,PheCode:286.81
C0398623,PheCode:286.8
C0158292,PheCode:724.1
C0178316,PheCode:803.0
C1963087,PheCode:563.0
C0271622,PheCode:257.1
C0405581,PheCode:257.0
C0019209,PheCode:573.3
C0160475,PheCode:870.2
C0154301,PheCode:287.32
C0030591,PheCode:427.12
C0341106,PheCode:530.15
C0011608,PheCode:695.21
C0543874,PheCode:348.7
C0158073,PheCode:742.8
C0037763,PheCode:772.2
C0042268,PheCode:614.52
C0015645,PheCode:728.7
C0032989,PheCode:651.0
C1318544,PheCode:204.3
C0017606,PheCode:365.2
C0344421,PheCode:426.31
C0155820,PheCode:483.0
C0375482,PheCode:938.1
C0027831,PheCode:199.4
C0022104,PheCode:564.1
C0154208,PheCode:256.0
C0154209,PheCode:256.1
C0151482,PheCode:281.13
C0494479,PheCode:339.0
C0022578,PheCode:364.41
C0018133,PheCode:81.1
C0342454,PheCode:255.1
C0033802,PheCode:274.21
C0020758,PheCode:691.1
C0157004,PheCode:654.1
C0153594,PheCode:187.2
C0751362,PheCode:347.0
C0020490,PheCode:367.8
C0003081,PheCode:368.3
C0029443,PheCode:710.1
C0024586,PheCode:259.2
C2237660,PheCode:362.22
C0239937,PheCode:593.2
C0041296,PheCode:10.0
C0004997,PheCode:220.0
C4722417,PheCode:289.1
C0024419,PheCode:270.35
C0003615,PheCode:540.11
C0030446,PheCode:560.1
C0012766,PheCode:687.4
C0271801,PheCode:244.1
C0150055,PheCode:338.2
C4552669,PheCode:571.81
C0013923,PheCode:444.2
C1561637,PheCode:567.0
C0002895,PheCode:282.5
C0154762,PheCode:316.1
C0149960,PheCode:614.32
C0036974,PheCode:797.0
C0003892,PheCode:713.5
C0007570,PheCode:557.1
C0949136,PheCode:602.3
C0023186,PheCode:315.1
C0080274,PheCode:599.2
C0006107,PheCode:817.0
C0001169,PheCode:286.4
C0019079,PheCode:516.1
C0156354,PheCode:618.5
C0263361,PheCode:696.41
C4554629,PheCode:295.3
C2937358,PheCode:430.2
C0040485,PheCode:723.1
C0038017,PheCode:754.2
C0154038,PheCode:226.0
C0002622,PheCode:292.3
C0036980,PheCode:797.1
C0577822,PheCode:396.0
C0021099,PheCode:686.2
C0022573,PheCode:370.3
C0034067,PheCode:496.1
C1456865,PheCode:594.3
C4553002,PheCode:705.8
C1272092,PheCode:250.41
C0161818,PheCode:519.2
C0012691,PheCode:830.0
C0019655,PheCode:117.1
C0546817,PheCode:276.6
C0264906,PheCode:426.23
C0019829,PheCode:201.0
C0267716,PheCode:550.6
C0810310,PheCode:560.3
C0375792,PheCode:41.9
C0042842,PheCode:261.1
C0039483,PheCode:446.5
C0018099,PheCode:274.1
C0156325,PheCode:613.8
C0036646,PheCode:366.2
C4554163,PheCode:455.0
C0038048,PheCode:840.0
C0157748,PheCode:709.6
C0001144,PheCode:706.1
C0152089,PheCode:722.8
C0158731,PheCode:756.22
C0348626,PheCode:427.3
C0039483,PheCode:717.0
C0154206,PheCode:255.13
C0004763,PheCode:530.13
C0149514,PheCode:497.0
C0242420,PheCode:362.9
C0375295,PheCode:440.22
C0032776,PheCode:627.1
C0158249,PheCode:721.8
C0020162,PheCode:803.1
C0036341,PheCode:295.1
C1263846,PheCode:313.1
C3811653,PheCode:172.21
C0008312,PheCode:571.6
C4553924,PheCode:599.4
C0520474,PheCode:733.4
C0151632,PheCode:790.1
C0027343,PheCode:703.1
C0600040,PheCode:592.13
C0496955,PheCode:173.0
C3665358,PheCode:612.1
C0810330,PheCode:642.1
C0020557,PheCode:272.12
C0017675,PheCode:529.1
C0024620,PheCode:155.1
C0153448,PheCode:155.0
C0496926,PheCode:187.8
C0153690,PheCode:198.6
C0152516,PheCode:8.5
C2349952,PheCode:149.1
C0221757,PheCode:270.34
C0007775,PheCode:433.12
C0020651,PheCode:458.1
C0346647,PheCode:157.0
C0036339,PheCode:301.1
C1800706,PheCode:504.1
C0810311,PheCode:574.12
C1368999,PheCode:1012.0
C0009398,PheCode:368.5
C0221056,PheCode:709.5
C0012711,PheCode:277.4
C0085096,PheCode:443.9
C1559188,PheCode:947.0
C1298685,PheCode:355.1
C0042580,PheCode:586.12
C0010481,PheCode:255.11
C0085580,PheCode:401.1
C0013415,PheCode:300.4
C4553111,PheCode:380.1
C0159064,PheCode:599.8
C0027498,PheCode:789.0
C4553423,PheCode:625.1
C0038395,PheCode:41.2
C0699791,PheCode:151.0
C1955741,PheCode:255.21
C0001623,PheCode:255.2
C0029443,PheCode:710.19
C0031024,PheCode:522.5
C0023467,PheCode:204.21
C0032987,PheCode:634.3
C2015956,PheCode:478.0
C4552660,PheCode:772.4
C0810333,PheCode:647.1
C0004030,PheCode:117.4
C4552651,PheCode:509.1
C0001361,PheCode:474.1
C0810015,PheCode:474.0
C0018834,PheCode:530.9
C0003578,PheCode:509.5
C0006842,PheCode:112.3
C0001363,PheCode:441.1
C0153442,PheCode:153.3
C1536085,PheCode:362.21
C1963137,PheCode:331.1
C0021092,PheCode:380.4
C3854173,PheCode:585.1
C0040021,PheCode:446.1
C2316810,PheCode:585.32
C0002170,PheCode:704.11
C0017168,PheCode:530.11
C0473754,PheCode:740.12
C0037997,PheCode:289.5
C1720771,PheCode:603.1
C0159040,PheCode:687.3
C0019288,PheCode:550.3
C1264623,PheCode:53.1
C0001342,PheCode:523.31
C0558353,PheCode:145.2
C4552843,PheCode:275.6
C4551472,PheCode:425.11
C0010038,PheCode:364.1
C0002418,PheCode:368.1
C0152221,PheCode:378.5
C0041785,PheCode:709.7
C0020428,PheCode:255.12
C0311262,PheCode:441.2
C1510475,PheCode:562.1
C0024902,PheCode:613.5
C0041696,PheCode:296.22
C0812393,PheCode:296.2
C0810361,PheCode:751.3
C1140680,PheCode:184.11
C0520966,PheCode:350.3
C3160712,PheCode:427.9
C0002390,PheCode:500.1
C0026725,PheCode:622.2
C0810374,PheCode:851.0
C0235653,PheCode:174.11
C0154808,PheCode:361.1
C0867389,PheCode:81.12
C0003537,PheCode:292.11
C1963065,PheCode:513.31
C0029773,PheCode:527.8
C4552650,PheCode:594.8
C0490040,PheCode:474.2
C0260684,PheCode:559.0
C0006145,PheCode:613.9
C0009938,PheCode:916.0
C0856825,PheCode:81.11
C3887875,PheCode:368.4
C0030552,PheCode:772.3
C0155836,PheCode:473.1
C0405578,PheCode:253.11
C0154692,PheCode:341.0
C0036420,PheCode:701.3
C0162298,PheCode:741.2
C0155261,PheCode:371.9
C0154041,PheCode:227.2
C4551529,PheCode:585.31
C0028841,PheCode:360.3
C0085696,PheCode:601.12
C0039104,PheCode:727.1
C0009918,PheCode:739.0
C0477976,PheCode:752.2
C0156404,PheCode:626.14
C2051831,PheCode:756.21
C0012746,PheCode:303.1
C0476346,PheCode:579.8
C0029927,PheCode:628.0
C0032273,PheCode:500.2
C0026764,PheCode:204.4
C0154298,PheCode:285.1
C4552959,PheCode:411.2
C0701163,PheCode:255.3
C0154850,PheCode:362.23
C0741804,PheCode:498.0
C2981150,PheCode:749.1
C0154662,PheCode:325.0
C0265143,PheCode:420.22
C0039494,PheCode:526.41
C0023760,PheCode:528.5
C0018991,PheCode:342.0
C0155732,PheCode:433.8
C0342294,PheCode:250.11
C0003868,PheCode:274.11
C0158053,PheCode:835.0
C0012243,PheCode:158.0
C0011848,PheCode:253.3
C0729346,PheCode:732.1
C0151436,PheCode:446.3
C0032792,PheCode:958.1
C0007643,PheCode:528.3
C0022602,PheCode:702.1
C0302491,PheCode:743.21
C0332679,PheCode:1006.0
C1561888,PheCode:327.72
C0159852,PheCode:800.3
C0271680,PheCode:250.6
C0002896,PheCode:285.3
C0001163,PheCode:389.5
C0035012,PheCode:711.2
C0029124,PheCode:377.1
C0559043,PheCode:805.0
C0311334,PheCode:345.11
C0032460,PheCode:256.4
C0398672,PheCode:279.8
C0040533,PheCode:913.0
C1963249,PheCode:389.4
C0021818,PheCode:722.1
C0160127,PheCode:816.0
C0019196,PheCode:70.3
C0021361,PheCode:626.8
C0546884,PheCode:276.5
C0178324,PheCode:1007.0
C0269694,PheCode:650.0
C0011884,PheCode:250.7
C0004943,PheCode:711.3
C0021345,PheCode:79.2
C0154983,PheCode:366.3
C0155540,PheCode:381.9
C0281710,PheCode:202.24
C0013238,PheCode:370.31
C0271468,PheCode:381.2
C0157698,PheCode:681.7
C0008707,PheCode:710.12
C0878705,PheCode:727.8
C0149531,PheCode:802.0
C0009186,PheCode:117.2
C0851578,PheCode:327.5
C0011127,PheCode:707.1
C0024301,PheCode:202.21
C0007789,PheCode:343.0
C0024799,PheCode:531.5
C0001308,PheCode:573.4
C0158371,PheCode:710.11
C2607928,PheCode:366.1
C4554638,PheCode:591.0
C0274344,PheCode:857.0
C0412928,PheCode:966.0
C0026850,PheCode:359.1
C0013404,PheCode:512.7
C0376356,PheCode:626.4
C0851323,PheCode:965.3
C0006434,PheCode:1000.0
C0557874,PheCode:264.3
C0016664,PheCode:743.4
C0235833,PheCode:550.2
C0007868,PheCode:620.1
C0158267,PheCode:722.7
C0003873,PheCode:714.1
C1384584,PheCode:740.2
C4553832,PheCode:394.2
C4553946,PheCode:38.3
C0161610,PheCode:973.0
C0473237,PheCode:593.1
C0161593,PheCode:971.0
C0161725,PheCode:989.0
C0154758,PheCode:357.0
C2711273,PheCode:426.92
C2188830,PheCode:513.32
C0339666,PheCode:378.2
C0232286,PheCode:418.1
C0161819,PheCode:569.2
C0159710,PheCode:803.2
C0496891,PheCode:222.0
C0019061,PheCode:283.21
C0003969,PheCode:261.3
C0011269,PheCode:290.16
C1186849,PheCode:707.2
C0178879,PheCode:599.1
C0156404,PheCode:626.13
C0015806,PheCode:800.1
C0008626,PheCode:758.1
C0039070,PheCode:788.0
