CCS,l,r
232,100,104
232,120,126
232,140,148
232,160,164
232,170,176
232,190,192
232,210,218
232,220,222
232,300,300
232,320,326
232,350,352
232,400,406
232,410,410
232,420,420
232,450,454
232,470,474
232,500,500
232,520,529
232,530,539
232,540,548
232,550,550
232,560,567
232,580,580
232,600,604
232,620,626
232,630,635
232,640,640
232,670,670
232,700,702
232,730,732
232,740,740
232,750,756
232,770,770
232,790,797
232,800,806
232,810,813
232,820,820
232,830,836
232,840,848
232,850,857
232,860,869
232,870,870
230,872,873
232,880,884
232,900,908
232,910,918
232,920,928
232,930,938
232,940,948
232,950,952
137,955,955
232,1000,1000
232,1110,1112
232,1120,1150
232,1160,1160
232,1170,1173
232,1180,1202
232,1210,1234
232,1240,1240
232,1250,1260
232,1270,1300
232,1320,1320
232,1340,1340
232,1360,1360
232,1380,1404
232,1420,1420
232,1430,1432
232,1440,1444
232,1460,1464
232,1470,1474
232,1480,1486
232,1490,1490
232,1500,1502
232,1520,1522
232,1600,1600
232,1610,1610
232,1620,1622
232,1630,1638
232,1650,1656
232,1670,1670
232,1680,1682
232,1700,1700
232,1710,1716
232,1730,1732
232,1740,1744
232,1756,1758
232,1760,1760
232,1770,1772
232,1780,1784
232,1800,1800
232,1810,1810
232,1820,1829
232,1830,1832
232,1840,1844
232,1850,1852
232,1860,1860
232,1900,1908
232,1910,1918
232,1920,1926
232,1930,1936
232,1951,1958
232,1960,1969
232,1990,1999
168,10000,10000
173,10004,10022
174,10030,10030
173,10035,10036
168,10040,10061
174,10080,10121
168,10140,10141
170,10160,10160
168,10180,10180
169,11000,11047
170,11050,11062
173,11100,11107
170,11200,11646
174,11700,11732
168,11740,11740
174,11750,11752
173,11755,11755
175,11760,11762
174,11765,11765
175,11770,11772
231,11900,11901
174,11920,11954
175,11960,11971
231,11975,11975
174,11976,11976
231,11977,11981
174,11982,11982
231,11983,11983
171,12001,13133
19,13150,13153
171,13160,13300
172,14000,15738
175,15740,15740
9,15750,15750
172,15755,15776
175,15777,15787
174,15788,15793
175,15810,15819
19,15820,15823
175,15824,15839
172,15840,15845
175,15847,15847
231,15850,15851
214,15852,15852
175,15860,15879
142,15920,15922
170,15931,15931
142,15933,15933
170,15934,15934
142,15935,15935
170,15936,15936
142,15937,15937
170,15940,15940
142,15941,15941
170,15944,15944
142,15945,15946
170,15950,15950
142,15951,15951
170,15952,15952
142,15953,15953
170,15956,15956
142,15958,15958
170,15999,15999
214,16000,16000
169,16010,16030
175,16035,16036
169,16040,16042
170,17000,17380
175,17999,17999
165,19000,19001
175,19020,19020
165,19030,19103
132,19105,19105
174,19110,19110
175,19112,19112
166,19120,19126
175,19140,19140
166,19160,19162
167,19180,19240
142,19260,19272
165,19281,19291
166,19294,19294
165,19295,19295
175,19296,19296
166,19297,19297
175,19298,19298
167,19300,19300
166,19301,19302
167,19303,19307
175,19316,19380
174,19396,19396
175,19499,19499
168,20000,20000
164,20005,20005
175,20100,20103
142,20150,20150
159,20200,20251
156,20500,20500
159,20501,20501
160,20520,20525
231,20526,20526
156,20527,20553
164,20555,20555
155,20600,20611
156,20612,20612
161,20615,20615
214,20650,20664
161,20665,20697
164,20802,20840
161,20900,20902
164,20910,20910
33,20912,20912
160,20920,20924
175,20926,20926
161,20930,20931
164,20932,20934
161,20936,20939
159,20950,20950
161,20955,20973
163,20974,20974
161,20975,20975
163,20979,20983
164,20985,20999
162,21010,21010
170,21011,21012
160,21013,21016
142,21025,21050
164,21060,21060
142,21070,21070
162,21073,21073
32,21076,21089
33,21100,21100
29,21110,21110
226,21116,21116
161,21120,21208
142,21209,21209
161,21210,21215
164,21230,21235
154,21240,21243
161,21244,21275
21,21280,21282
142,21295,21296
164,21299,21299
144,21300,21495
29,21497,21497
164,21499,21499
168,21501,21501
142,21502,21502
161,21510,21510
159,21550,21550
170,21552,21552
160,21554,21554
170,21555,21555
160,21556,21558
142,21600,21633
164,21685,21685
160,21700,21700
142,21705,21705
160,21720,21725
164,21740,21742
160,21743,21743
161,21750,21750
148,21800,21825
164,21899,21899
159,21920,21925
160,21930,21930
170,21931,21931
160,21932,21936
168,22010,22015
142,22100,22116
161,22140,22142
142,22145,22148
161,22150,22152
142,22206,22230
148,22305,22328
9,22505,22505
148,22510,22515
9,22520,22522
148,22523,22525
9,22526,22527
158,22532,22812
142,22818,22820
161,22830,22830
158,22840,22855
3,22856,22856
158,22857,22857
3,22858,22858
158,22859,22859
3,22861,22861
158,22862,22862
3,22864,22864
158,22865,22865
164,22867,22899
160,22900,22901
170,22902,22903
160,22904,22905
164,22999,22999
160,23000,23030
162,23031,23031
161,23035,23035
162,23040,23044
159,23065,23066
170,23071,23071
160,23073,23073
170,23075,23075
164,23076,23077
160,23078,23078
159,23100,23101
162,23105,23106
159,23107,23107
142,23120,23156
161,23170,23174
142,23180,23222
174,23330,23330
162,23331,23332
164,23333,23333
162,23334,23335
226,23350,23350
160,23395,23397
161,23400,23400
160,23405,23412
150,23415,23415
154,23420,23420
160,23430,23440
162,23450,23466
154,23470,23474
161,23480,23491
148,23500,23680
162,23700,23802
164,23900,23921
162,23929,23929
160,23930,23931
161,23935,23935
162,24000,24000
150,24006,24006
159,24065,24066
170,24071,24071
160,24073,24073
170,24075,24075
160,24076,24079
159,24100,24101
150,24102,24102
160,24105,24105
142,24110,24130
161,24134,24138
142,24140,24153
162,24155,24155
148,24160,24160
145,24164,24164
174,24200,24200
160,24201,24201
226,24220,24220
162,24300,24300
160,24301,24342
162,24343,24352
160,24354,24354
142,24356,24356
162,24357,24359
154,24360,24371
161,24400,24420
148,24430,24430
161,24435,24470
160,24495,24495
148,24498,24582
145,24583,24685
162,24800,24802
164,24900,24931
161,24935,24935
164,24940,24999
160,25000,25031
161,25035,25035
159,25040,25066
170,25071,25071
160,25073,25073
170,25075,25075
160,25076,25078
150,25085,25085
159,25100,25101
162,25105,25107
160,25109,25116
162,25118,25118
142,25119,25136
161,25145,25145
142,25150,25240
226,25246,25246
160,25248,25248
162,25250,25259
160,25260,25318
162,25320,25320
154,25330,25332
162,25335,25337
161,25350,25394
145,25400,25420
161,25425,25430
148,25431,25440
154,25441,25449
161,25450,25492
145,25500,25620
148,25622,25645
145,25650,25665
148,25670,25670
145,25671,25676
148,25680,25695
162,25800,25830
164,25900,25999
168,26010,26011
160,26020,26030
161,26034,26034
160,26035,26060
162,26070,26080
159,26100,26110
170,26111,26111
160,26113,26113
170,26115,26115
160,26116,26125
162,26130,26145
160,26160,26180
161,26185,26185
142,26200,26262
164,26320,26320
162,26340,26340
163,26341,26341
160,26350,26510
162,26516,26518
150,26520,26525
154,26527,26536
162,26540,26545
161,26546,26546
162,26548,26548
160,26550,26550
161,26551,26555
162,26556,26556
161,26557,26559
175,26560,26562
161,26565,26568
160,26580,26580
164,26585,26590
160,26591,26593
175,26596,26597
148,26600,26785
162,26820,26863
164,26910,26989
162,26990,26991
161,26992,26992
160,27000,27001
9,27003,27003
160,27005,27027
162,27030,27033
9,27035,27035
150,27036,27036
159,27040,27041
170,27043,27043
160,27045,27045
170,27047,27047
160,27048,27049
159,27050,27052
162,27054,27054
160,27057,27062
142,27065,27079
161,27080,27080
175,27086,27086
160,27087,27087
162,27090,27091
226,27093,27096
160,27097,27111
162,27120,27120
142,27122,27122
153,27125,27138
161,27140,27140
162,27146,27147
161,27151,27151
162,27156,27158
161,27161,27170
146,27175,27187
148,27190,27194
146,27195,27195
148,27196,27202
146,27210,27210
148,27212,27218
146,27220,27225
148,27226,27228
146,27230,27269
162,27275,27286
157,27290,27295
162,27299,27299
160,27301,27301
161,27303,27303
160,27305,27307
162,27310,27310
9,27315,27320
159,27323,27324
9,27325,27326
170,27327,27327
160,27328,27329
159,27330,27330
160,27331,27331
151,27332,27333
162,27334,27335
170,27337,27337
160,27339,27345
151,27347,27347
142,27350,27360
160,27364,27364
142,27365,27365
226,27369,27370
160,27372,27400
151,27403,27409
162,27412,27416
142,27418,27418
152,27420,27424
150,27425,27425
152,27427,27429
160,27430,27430
150,27435,27435
152,27437,27447
161,27448,27468
164,27470,27470
146,27472,27472
161,27475,27485
152,27486,27487
162,27488,27488
146,27495,27495
160,27496,27499
146,27500,27519
147,27520,27566
162,27570,27580
157,27590,27598
164,27599,27599
160,27600,27606
161,27607,27607
162,27610,27610
150,27612,27612
159,27613,27614
160,27615,27616
170,27618,27618
160,27619,27619
159,27620,27620
162,27625,27625
160,27626,27630
170,27632,27632
160,27634,27634
142,27635,27647
226,27648,27648
160,27650,27692
162,27695,27698
154,27700,27703
162,27704,27704
161,27705,27715
147,27720,27726
161,27727,27745
147,27750,27848
148,27860,27860
162,27870,27871
157,27880,27889
160,27892,27894
164,27899,27899
160,28001,28003
161,28005,28005
160,28008,28011
162,28020,28024
9,28030,28030
6,28035,28035
170,28039,28039
160,28041,28041
170,28043,28043
160,28045,28047
159,28050,28054
9,28055,28055
160,28060,28062
162,28070,28072
9,28080,28080
160,28086,28092
142,28100,28100
161,28102,28103
142,28104,28104
161,28106,28107
142,28108,28114
161,28116,28116
142,28118,28175
175,28190,28190
160,28192,28250
150,28260,28272
175,28280,28280
143,28285,28286
142,28288,28288
143,28289,28299
161,28300,28312
143,28313,28313
161,28315,28315
147,28320,28322
143,28340,28341
161,28344,28344
143,28345,28345
160,28360,28360
147,28400,28675
162,28705,28735
160,28737,28737
162,28740,28750
143,28755,28760
157,28800,28825
160,28890,28890
164,28899,28899
214,29000,29590
163,29700,29715
214,29720,29799
149,29800,29805
162,29806,29807
149,29815,29819
162,29820,29823
142,29824,29824
150,29825,29825
154,29826,29826
160,29827,29828
149,29830,29834
162,29835,29838
149,29840,29843
162,29844,29846
145,29847,29847
6,29848,29848
147,29850,29856
149,29860,29860
162,29861,29868
149,29870,29871
150,29873,29873
162,29874,29879
151,29880,29883
150,29884,29884
162,29885,29887
149,29888,29889
162,29891,29892
170,29893,29893
162,29894,29899
149,29900,29900
162,29901,29907
153,29914,29916
149,29999,29999
33,30000,30000
32,30020,30020
31,30100,30100
33,30110,30117
32,30118,30118
175,30120,30124
32,30125,30125
33,30130,30160
32,30200,30210
33,30220,30220
229,30300,30300
33,30310,30310
229,30320,30320
28,30400,30545
33,30560,30600
28,30620,30630
33,30801,30802
27,30901,30920
144,30930,30930
33,30999,30999
32,31000,31002
33,31020,31205
142,31225,31230
31,31231,31237
27,31238,31238
33,31239,31240
27,31241,31241
33,31245,31249
31,31250,31250
33,31251,31259
31,31260,31260
33,31261,31269
31,31270,31270
33,31271,31299
42,31300,31300
40,31320,31320
42,31360,31382
33,31390,31395
42,31400,31420
216,31500,31500
41,31502,31502
35,31505,31510
229,31511,31511
41,31512,31513
35,31515,31526
42,31527,31531
35,31535,31536
42,31540,31571
41,31572,31574
35,31575,31576
229,31577,31577
41,31578,31578
35,31579,31579
42,31580,31592
9,31595,31595
42,31599,31599
34,31600,31610
42,31611,31612
34,31613,31614
35,31615,31615
197,31620,31620
37,31622,31629
42,31630,31631
37,31632,31633
42,31634,31634
229,31635,31635
42,31636,31646
41,31647,31651
37,31652,31653
197,31654,31654
37,31656,31659
42,31660,31700
226,31708,31715
37,31717,31717
42,31719,31825
170,31830,31830
42,31899,31899
39,32000,32000
42,32001,32001
39,32002,32002
41,32005,32005
39,32019,32036
38,32095,32100
42,32110,32151
49,32160,32160
42,32200,32320
40,32400,32402
38,32405,32405
42,32420,32420
39,32421,32422
36,32440,32501
42,32503,32504
36,32505,32506
38,32507,32507
36,32520,32525
42,32540,32540
36,32545,32545
39,32550,32551
41,32552,32553
39,32554,32557
41,32560,32562
40,32601,32602
62,32603,32604
40,32605,32606
38,32607,32609
42,32650,32656
36,32657,32657
49,32658,32661
42,32662,32662
36,32663,32663
9,32664,32664
94,32665,32665
36,32666,32672
12,32673,32673
67,32674,32674
38,32700,32700
41,32701,32701
38,32705,32705
42,32800,32820
36,32850,32850
176,32851,32856
142,32900,32900
42,32905,32940
41,32960,32960
42,32994,32999
63,33010,33011
49,33015,33130
44,33140,33141
48,33200,33249
49,33250,33261
48,33262,33264
49,33265,33266
48,33270,33275
62,33282,33289
49,33300,33315
61,33320,33322
52,33330,33330
56,33332,33332
52,33335,33335
63,33340,33340
49,33350,33350
43,33361,33496
49,33500,33507
61,33508,33508
44,33510,33536
49,33542,33548
44,33570,33570
49,33572,33572
44,33575,33575
43,33600,33602
52,33606,33606
49,33608,33681
43,33684,33684
49,33688,33688
61,33690,33690
49,33692,33730
43,33732,33732
49,33735,33739
56,33750,33768
49,33770,33786
61,33788,33800
52,33802,33803
49,33813,33814
52,33820,33853
49,33855,33855
52,33860,33886
59,33889,33891
61,33910,33917
49,33918,33919
43,33920,33920
61,33922,33922
49,33924,33924
61,33925,33926
49,33927,33929
176,33930,33935
49,33940,33940
176,33944,33945
50,33946,33966
49,33967,33968
50,33969,33969
49,33970,33983
50,33984,33993
49,33999,33999
59,34001,34001
61,34051,34151
60,34201,34203
61,34401,34401
60,34421,34451
59,34471,34471
61,34490,34510
55,34520,34520
61,34530,34704
52,34705,34705
61,34706,34826
52,34830,34832
61,34833,34834
52,34839,34839
61,34841,34900
59,35001,35005
61,35011,35045
52,35081,35103
61,35111,35162
59,35180,35180
61,35182,35184
59,35188,35188
61,35189,35226
59,35231,35231
61,35236,35256
59,35261,35261
61,35266,35286
51,35301,35301
60,35302,35306
61,35311,35351
60,35355,35381
51,35390,35390
62,35400,35400
61,35450,35452
60,35454,35456
61,35458,35458
60,35459,35459
61,35460,35460
60,35470,35470
61,35471,35472
60,35473,35474
61,35475,35481
60,35482,35483
61,35484,35484
60,35485,35485
61,35490,35491
60,35492,35493
61,35494,35494
60,35495,35495
61,35500,35500
56,35501,35515
55,35516,35525
56,35526,35531
55,35533,35533
56,35535,35536
55,35537,35558
56,35560,35563
55,35565,35571
61,35572,35572
55,35582,35587
44,35600,35600
56,35601,35612
55,35616,35623
56,35626,35636
55,35637,35641
56,35642,35645
55,35646,35661
56,35663,35663
55,35665,35671
61,35681,35683
55,35685,35686
59,35691,35697
60,35700,35700
59,35701,35701
61,35721,35761
59,35800,35800
61,35820,35900
51,35901,35901
60,35903,35903
61,35905,35910
54,36000,36000
63,36002,36002
62,36005,36005
54,36010,36012
47,36013,36013
54,36014,36145
57,36147,36148
54,36160,36254
61,36260,36262
231,36299,36416
63,36420,36425
222,36430,36456
141,36460,36460
61,36465,36466
63,36468,36469
61,36470,36471
63,36473,36479
54,36481,36481
61,36482,36483
54,36488,36489
63,36490,36491
54,36493,36510
231,36511,36522
175,36530,36531
174,36532,36537
231,36540,36540
63,36550,36550
54,36555,36573
63,36575,36576
54,36578,36585
63,36589,36593
54,36595,36595
63,36596,36596
54,36597,36597
226,36598,36598
231,36600,36600
54,36620,36660
67,36680,36680
57,36800,36821
50,36822,36822
54,36823,36823
57,36825,36830
61,36831,36831
57,36832,36835
63,36838,36838
56,36840,36845
61,36860,36870
57,36901,36909
56,37140,37183
61,37184,37188
57,37190,37190
63,37191,37195
54,37197,37197
62,37200,37200
54,37201,37203
61,37204,37208
54,37209,37209
61,37210,37210
54,37211,37211
61,37212,37214
59,37215,37216
61,37217,37249
197,37250,37253
61,37500,37500
62,37501,37501
59,37565,37606
61,37607,37607
59,37609,37615
61,37616,37660
53,37700,37785
61,37788,37799
66,38100,38129
226,38200,38200
67,38204,38204
64,38205,38215
65,38220,38222
67,38230,38230
64,38231,38231
67,38232,38232
64,38240,38243
67,38300,38780
226,38790,38792
67,38794,38999
42,39000,39220
40,39400,39402
42,39499,39501
86,39502,39541
42,39545,39599
31,40490,40490
33,40500,40801
229,40804,40805
32,40806,40806
31,40808,40808
33,40810,40816
172,40818,40818
32,40819,40819
33,40820,40820
32,40830,40831
33,40840,41009
32,41010,41010
33,41015,41018
211,41019,41019
31,41100,41108
33,41110,41114
32,41115,41115
33,41116,41155
32,41250,41252
33,41500,41599
29,41800,41806
33,41820,41820
29,41821,41850
33,41870,41872
29,41874,41899
32,42000,42000
31,42100,42100
33,42104,42340
31,42400,42405
33,42408,42510
226,42550,42550
33,42600,42725
31,42800,42806
33,42808,42808
229,42809,42809
33,42810,42815
30,42820,42836
33,42842,42845
30,42860,42870
33,42880,42955
32,42960,42960
33,42961,42962
27,42970,42970
33,42971,42999
94,43000,43020
33,43030,43030
94,43040,43136
70,43180,43193
229,43194,43194
69,43195,43196
70,43197,43212
69,43213,43214
229,43215,43215
93,43216,43216
70,43217,43219
69,43220,43226
93,43227,43227
70,43228,43232
69,43233,43233
70,43234,43242
68,43243,43244
93,43245,43245
71,43246,43246
70,43247,43247
69,43248,43249
70,43250,43259
82,43260,43265
70,43266,43266
82,43267,43269
70,43270,43270
82,43271,43278
94,43279,43280
86,43281,43282
94,43283,43288
87,43289,43289
94,43300,43331
86,43332,43337
94,43338,43361
68,43400,43400
94,43401,43425
69,43450,43460
75,43496,43496
94,43499,43502
69,43510,43510
94,43520,43520
70,43600,43600
89,43605,43605
94,43610,43611
74,43620,43634
94,43635,43635
74,43638,43639
94,43640,43641
244,43644,43645
94,43647,43652
71,43653,43653
87,43659,43659
71,43750,43750
221,43752,43757
71,43760,43760
94,43761,43761
71,43762,43763
244,43770,43775
94,43800,43825
71,43830,43832
94,43840,43840
244,43842,43843
94,43844,43844
244,43845,43848
94,43850,43882
86,43885,43885
244,43886,43888
94,43999,43999
90,44005,44005
92,44010,44010
73,44015,44015
92,44020,44020
96,44021,44021
92,44025,44025
99,44040,44040
96,44050,44055
92,44100,44100
79,44110,44111
75,44120,44128
73,44130,44130
99,44131,44131
75,44132,44133
176,44135,44136
99,44137,44137
78,44139,44160
96,44180,44180
73,44186,44187
72,44188,44188
90,44200,44200
73,44201,44201
75,44202,44203
78,44204,44208
87,44209,44209
78,44210,44213
96,44227,44227
87,44238,44239
73,44300,44316
72,44320,44345
86,44346,44346
70,44360,44361
229,44363,44363
99,44364,44369
96,44370,44372
71,44373,44373
70,44376,44377
93,44378,44378
70,44379,44386
76,44388,44389
229,44390,44390
76,44391,44408
98,44500,44500
99,44600,44600
96,44602,44604
72,44605,44605
99,44610,44610
94,44615,44615
96,44620,44660
75,44661,44661
96,44680,44701
95,44705,44705
176,44715,44721
96,44799,44901
80,44950,44979
96,45000,45020
77,45100,45100
96,45108,45108
78,45110,45136
96,45150,45150
78,45160,45160
96,45170,45170
78,45171,45172
96,45180,45180
95,45190,45190
77,45300,45305
229,45307,45307
77,45308,45331
229,45332,45332
77,45333,45350
76,45355,45378
229,45379,45379
76,45380,45393
78,45395,45397
76,45398,45398
96,45399,45400
78,45402,45402
87,45499,45499
76,45500,45505
98,45520,45520
96,45540,45541
78,45550,45550
129,45560,45560
96,45562,45562
72,45563,45563
96,45800,45800
72,45805,45805
96,45820,45820
72,45825,45825
96,45900,45915
97,45990,45990
96,45999,46080
81,46083,46083
96,46200,46211
95,46220,46220
81,46221,46262
96,46270,46288
81,46320,46500
96,46505,46505
77,46600,46607
229,46608,46608
77,46610,46615
96,46700,46742
132,46744,46748
96,46750,46762
95,46900,46924
81,46930,46936
95,46937,46942
81,46945,46947
96,46999,46999
83,47000,47001
99,47010,47015
83,47100,47100
99,47120,47134
176,47135,47147
99,47300,47399
84,47400,47460
99,47480,47490
226,47500,47505
99,47510,47511
98,47525,47530
226,47531,47532
99,47533,47535
98,47536,47537
99,47538,47542
97,47543,47543
99,47544,47544
84,47550,47550
97,47552,47553
99,47554,47556
97,47560,47561
84,47562,47564
99,47570,47570
87,47579,47579
84,47600,47630
97,47700,47700
99,47701,47801
73,47802,47802
99,47900,48000
73,48001,48001
99,48005,48020
97,48100,48102
99,48105,48148
73,48150,48150
99,48151,48151
73,48152,48154
99,48155,48155
176,48160,48160
99,48180,48180
97,48400,48400
99,48500,48550
176,48551,48554
99,48556,48999
89,49000,49010
99,49020,49061
67,49062,49062
88,49080,49084
99,49085,49085
97,49180,49180
99,49185,49215
89,49220,49220
99,49250,49255
87,49300,49303
84,49310,49311
80,49315,49315
87,49320,49322
67,49323,49323
87,49324,49329
97,49400,49401
99,49402,49407
98,49411,49411
99,49412,49423
97,49424,49424
99,49425,49426
97,49427,49427
99,49428,49436
71,49440,49440
73,49441,49446
71,49450,49450
73,49451,49451
71,49452,49452
99,49460,49460
226,49465,49465
85,49491,49535
86,49540,49540
85,49550,49557
86,49560,49611
85,49650,49651
86,49652,49659
99,49900,49999
103,50010,50081
61,50100,50100
103,50120,50135
110,50200,50205
104,50220,50240
112,50250,50290
104,50300,50340
105,50360,50365
104,50370,50370
105,50380,50380
111,50382,50390
112,50391,50392
102,50393,50393
226,50394,50394
103,50395,50395
200,50396,50396
111,50398,50398
112,50400,50405
226,50430,50431
103,50432,50437
112,50500,50542
104,50543,50543
112,50544,50544
104,50545,50548
110,50549,50549
100,50551,50555
112,50557,50559
101,50561,50561
112,50562,50562
100,50570,50570
102,50572,50572
100,50574,50574
112,50575,50578
101,50580,50580
107,50590,50590
111,50592,50592
112,50593,50600
102,50605,50605
111,50606,50606
112,50610,50660
200,50684,50686
111,50688,50688
200,50690,50690
102,50693,50695
112,50700,50700
111,50705,50706
112,50715,50945
102,50947,50948
111,50949,50949
100,50951,50951
102,50953,50953
100,50955,50955
101,50957,50957
211,50959,50959
101,50961,50961
100,50970,50970
102,50972,50972
100,50974,50974
101,50976,50976
211,50978,50978
101,50980,50980
111,51000,51000
112,51005,51080
111,51100,51100
112,51101,51597
200,51600,51610
111,51700,51700
108,51701,51703
111,51705,51710
106,51715,51715
224,51720,51720
200,51725,51798
112,51800,51820
106,51840,51845
112,51860,51920
124,51925,51925
112,51940,51980
106,51990,51992
110,51999,51999
100,52000,52000
101,52001,52001
102,52005,52005
100,52007,52204
101,52214,52240
112,52250,52260
111,52265,52265
109,52270,52275
100,52276,52276
109,52277,52285
112,52287,52287
109,52290,52290
101,52300,52315
112,52317,52318
101,52320,52325
112,52327,52327
101,52330,52330
102,52332,52332
103,52334,52334
100,52335,52335
101,52336,52336
107,52337,52337
100,52338,52338
112,52339,52339
100,52340,52340
101,52341,52346
118,52347,52347
100,52351,52351
101,52352,52352
107,52353,52353
100,52354,52354
112,52355,52355
107,52356,52356
109,52400,52400
118,52402,52402
109,52441,52442
118,52450,52450
101,52500,52500
118,52510,52510
113,52601,52601
118,52606,52606
113,52612,52630
101,52640,52640
118,52647,52649
113,52650,52650
118,52700,52700
109,53000,53060
112,53080,53085
100,53200,53200
109,53210,53431
106,53440,53443
109,53444,53444
106,53445,53445
109,53446,53446
106,53447,53449
109,53450,53665
108,53670,53675
200,53800,53800
113,53850,53854
109,53855,53860
112,53899,53899
117,54000,54001
118,54015,54015
117,54050,54057
118,54060,54065
116,54100,54105
118,54110,54135
115,54150,54161
118,54162,54162
115,54163,54163
118,54164,54164
117,54200,54200
118,54205,54220
226,54230,54230
116,54231,54250
118,54300,54304
109,54308,54318
118,54322,54440
117,54450,54450
116,54500,54505
118,54510,54692
116,54699,54699
118,54700,54700
116,54800,54820
118,54830,54861
116,54865,54865
118,54900,54901
117,55000,55000
118,55040,55060
117,55100,55100
116,55110,55110
117,55120,55120
118,55150,55180
117,55200,55250
226,55300,55300
118,55400,55400
117,55450,55450
118,55500,55535
86,55540,55540
118,55550,55680
116,55700,55706
118,55720,55740
114,55801,55845
118,55859,55865
114,55866,55866
117,55870,55870
114,55873,55873
211,55874,55874
117,55875,55876
118,55899,55899
117,55920,55920
118,55970,55970
132,55980,56000
130,56100,56100
132,56200,56200
130,56300,56300
120,56301,56303
90,56304,56304
130,56305,56305
132,56306,56306
119,56307,56307
124,56308,56308
132,56309,56309
90,56310,56310
130,56311,56311
67,56312,56314
80,56315,56315
85,56316,56317
118,56318,56320
231,56321,56321
9,56322,56323
84,56324,56342
120,56343,56343
123,56344,56344
66,56345,56345
71,56346,56346
73,56347,56347
99,56348,56349
130,56350,56351
90,56352,56352
132,56353,56356
130,56360,56361
184,56362,56362
97,56363,56363
87,56399,56399
132,56400,56515
130,56600,56606
132,56620,56700
131,56720,56720
132,56740,56810
130,56820,57000
132,57010,57010
131,57020,57020
141,57022,57022
132,57023,57023
131,57061,57061
132,57065,57065
130,57100,57105
132,57106,57112
129,57120,57120
132,57130,57135
131,57150,57150
132,57155,57155
131,57156,57180
132,57200,57210
106,57220,57220
129,57230,57270
132,57280,57283
129,57284,57285
106,57287,57288
129,57289,57289
132,57291,57305
72,57307,57307
132,57308,57308
109,57310,57311
112,57320,57330
132,57335,57335
131,57400,57400
130,57410,57410
229,57415,57415
130,57420,57421
129,57423,57423
132,57425,57426
130,57450,57450
132,57451,57451
130,57452,57460
125,57461,57461
130,57500,57500
132,57505,57505
125,57510,57550
129,57555,57556
125,57558,57558
132,57700,57720
131,57800,57800
128,57820,57820
130,58100,58100
128,58102,58102
130,58110,58110
128,58120,58120
125,58140,58146
124,58150,58294
131,58300,58323
130,58340,58340
123,58345,58345
132,58346,58346
123,58350,58350
125,58353,58356
132,58400,58540
124,58541,58544
125,58545,58546
124,58548,58550
125,58551,58551
124,58552,58554
130,58555,58558
125,58559,58561
229,58562,58562
125,58563,58563
123,58565,58565
124,58570,58575
130,58578,58579
121,58600,58615
132,58660,58660
119,58661,58661
132,58662,58662
121,58670,58671
123,58672,58672
132,58673,58674
130,58679,58679
123,58700,58700
119,58720,58720
120,58740,58740
123,58750,58770
120,58800,58822
132,58823,58823
120,58825,58825
130,58900,58900
120,58920,58925
119,58940,58950
124,58951,58951
119,58952,58952
124,58953,58956
132,58957,58958
130,58960,58960
120,58970,58970
206,58972,58972
132,58974,58976
130,58980,58980
120,58982,58985
130,58986,58986
132,58987,58987
119,58988,58988
130,58990,58990
132,58992,58992
125,58994,58996
132,58999,58999
138,59000,59000
141,59001,59001
139,59012,59051
141,59070,59076
132,59100,59100
122,59120,59151
127,59160,59160
141,59200,59200
140,59300,59300
141,59320,59325
140,59350,59350
135,59400,59410
137,59412,59414
227,59420,59430
134,59510,59515
124,59525,59525
135,59610,59614
134,59618,59622
127,59812,59830
126,59840,59857
141,59866,59866
132,59870,59870
131,59871,59871
141,59897,59898
137,59899,59899
12,60000,60001
11,60100,60100
12,60200,60200
10,60210,60271
12,60280,60545
59,60600,60605
12,60650,60699
1,61000,61055
8,61070,61070
1,61105,61106
2,61107,61107
1,61108,61130
7,61140,61140
1,61150,61156
2,61210,61210
175,61215,61215
1,61250,61315
161,61316,61316
1,61320,61323
21,61330,61330
18,61332,61332
21,61333,61334
1,61340,61340
3,61343,61343
1,61345,61440
9,61450,61460
1,61470,61490
9,61500,61501
1,61510,61516
224,61517,61517
1,61518,61530
9,61531,61533
1,61534,61545
12,61546,61548
9,61550,61552
1,61556,61557
9,61558,61567
1,61570,61576
9,61580,61581
1,61582,61596
142,61597,61597
1,61598,61608
59,61609,61613
1,61615,61616
9,61618,61619
59,61623,61645
54,61650,61651
59,61680,61711
1,61712,61735
7,61750,61751
9,61760,61793
7,61795,61795
9,61796,61875
1,61880,61880
174,61885,61888
148,62000,62010
9,62100,62148
2,62160,62160
1,62161,62164
12,62165,62165
2,62180,62258
5,62263,62264
7,62267,62267
9,62268,62268
7,62269,62269
4,62270,62272
8,62273,62273
5,62274,62282
181,62284,62284
3,62287,62287
5,62288,62289
226,62290,62291
9,62292,62294
5,62298,62298
181,62302,62305
5,62310,62350
3,62351,62351
5,62355,62355
9,62360,62365
175,62367,62368
8,62369,62370
3,62380,63252
9,63265,63308
5,63600,63610
9,63615,63621
5,63650,63650
3,63655,63655
5,63657,63688
7,63690,63690
8,63691,63691
9,63700,63707
3,63709,63709
9,63710,63710
3,63740,63740
9,63741,63746
5,63750,63780
8,64400,64405
9,64408,64410
5,64412,64412
8,64413,64415
5,64416,64416
8,64417,64445
5,64446,64446
8,64447,64447
5,64448,64449
8,64450,64455
5,64461,64484
8,64486,64550
9,64553,64647
156,64650,64653
8,64680,64681
6,64702,64727
9,64732,64792
7,64795,64795
9,64802,64999
21,65091,65175
229,65205,65205
19,65210,65210
229,65220,65260
20,65265,65265
19,65270,65286
21,65290,65290
19,65400,65400
18,65410,65410
19,65420,65426
18,65430,65430
19,65435,65600
13,65710,65757
19,65760,65779
176,65780,65782
19,65785,65785
18,65800,65800
20,65805,65815
14,65820,65855
20,65860,65900
15,65920,65920
20,65930,66130
14,66150,66185
20,66220,66225
19,66250,66250
20,66500,66682
14,66700,66761
20,66762,66770
15,66820,66986
20,66990,67038
16,67039,67040
20,67041,67043
16,67101,67113
20,67115,67121
16,67141,67145
17,67208,67229
20,67250,67299
21,67311,67345
18,67346,67350
21,67399,67399
18,67400,67400
21,67405,67414
18,67415,67415
21,67420,67445
18,67450,67450
21,67500,67560
9,67570,67570
21,67599,67599
19,67700,67808
18,67810,67810
19,67820,68040
18,68100,68100
19,68110,68505
18,68510,68510
19,68520,68520
18,68525,68525
19,68530,68840
226,68850,68850
21,68899,68899
26,69000,69090
25,69100,69105
26,69110,69155
229,69200,69200
26,69205,69210
169,69220,69222
26,69300,69410
23,69420,69421
26,69424,69424
23,69433,69440
26,69450,69450
24,69501,69530
26,69535,69554
24,69601,69603
22,69604,69604
24,69605,69605
22,69610,69637
24,69641,69646
26,69650,69718
9,69720,69745
26,69799,69801
24,69802,69802
26,69805,69905
24,69910,69910
26,69915,69950
9,69955,69955
26,69960,69960
142,69970,69970
26,69979,69979
231,69990,69990
181,70010,70010
209,70015,70015
220,70030,70030
226,70100,70332
198,70336,70336
226,70350,70390
177,70450,70488
180,70490,70492
177,70496,70496
191,70498,70498
198,70540,70559
183,71010,71022
226,71023,71023
183,71030,71030
226,71034,71034
183,71035,71035
226,71036,71036
37,71038,71038
226,71040,71040
183,71045,71048
226,71060,71130
178,71250,71275
198,71550,71555
226,72010,72120
180,72125,72133
198,72141,72159
226,72170,72190
179,72191,72194
198,72195,72198
226,72200,72220
181,72240,72270
226,72275,72275
209,72285,72285
226,72291,72292
209,72295,72295
226,73000,73140
180,73200,73206
198,73218,73225
226,73500,73660
180,73700,73706
198,73718,73725
226,74000,74022
179,74150,74178
198,74181,74185
226,74190,74210
185,74220,74230
211,74235,74235
185,74240,74250
186,74251,74260
179,74261,74263
186,74270,74283
226,74290,74291
184,74300,74301
226,74305,74327
82,74328,74330
185,74340,74340
226,74350,74363
187,74400,74410
226,74415,74710
198,74712,74713
226,74740,74775
47,75500,75527
198,75552,75565
178,75571,75573
47,75574,75574
189,75600,75635
188,75650,75685
191,75705,75746
47,75750,75766
191,75774,75791
226,75801,75809
191,75810,75810
190,75820,75822
191,75825,75891
226,75893,75893
191,75894,75898
226,75900,75940
197,75945,75946
226,75952,75952
191,75953,75960
229,75961,75961
191,75962,75968
226,75970,75970
191,75978,75978
226,75980,75989
191,75992,75996
226,75998,76066
180,76070,76071
226,76075,76080
182,76082,76092
198,76093,76094
226,76095,76350
180,76355,76375
226,76376,76377
180,76380,76380
226,76390,76390
198,76391,76400
226,76490,76496
180,76497,76497
198,76498,76498
226,76499,76499
192,76506,76536
197,76604,76645
196,76700,76775
195,76776,76778
197,76800,76821
193,76825,76828
197,76830,76886
193,76930,76932
197,76934,76937
195,76938,76938
197,76940,76948
211,76950,76965
197,76970,76970
194,76975,76975
197,76977,76977
231,76978,76979
197,76981,76999
226,77001,77003
180,77011,77014
198,77021,77022
226,77031,77032
198,77046,77049
226,77051,77052
182,77053,77057
198,77058,77059
182,77061,77067
226,77071,77077
180,77078,77079
226,77080,77083
198,77084,77084
226,77085,77086
211,77261,77334
227,77336,77336
211,77338,77338
227,77370,77370
211,77371,77799
209,78000,78099
207,78102,78104
210,78110,78193
209,78195,78195
210,78199,78201
209,78202,78202
210,78205,78205
209,78206,78206
210,78215,78215
209,78216,78220
210,78223,78223
209,78226,78227
210,78230,78231
209,78232,78258
210,78261,78261
209,78262,78276
210,78278,78278
209,78280,78282
210,78290,78290
209,78291,78291
210,78299,78299
207,78300,78399
209,78414,78428
210,78445,78445
209,78451,78454
210,78455,78460
209,78461,78461
210,78464,78464
209,78465,78465
210,78466,78466
209,78468,78483
210,78491,78491
209,78492,78496
210,78499,78499
208,78579,78599
210,78600,78600
209,78601,78601
210,78605,78605
209,78606,78606
210,78607,78607
209,78608,78999
12,79000,79020
211,79030,79403
67,79420,79420
163,79440,79445
237,79900,79999
233,80002,80019
235,80031,80042
233,80047,80051
235,80052,80052
233,80053,80054
235,80055,80055
233,80056,80056
235,80057,80057
233,80058,80058
235,80059,80068
233,80069,80069
235,80070,80072
233,80073,80073
235,80074,80084
233,80085,80086
235,80088,80099
206,80100,80104
235,80150,80440
234,80500,80502
206,81000,81001
200,81002,81005
206,81007,81020
200,81025,81099
234,81105,81599
233,82000,82000
206,82003,82003
233,82005,82013
200,82015,82015
233,82016,82040
200,82042,82042
206,82043,82070
233,82072,82088
200,82089,82089
233,82091,82096
200,82100,82101
233,82103,82112
206,82120,82128
200,82130,82134
233,82135,82140
200,82141,82141
233,82142,82154
200,82156,82156
233,82157,82165
235,82168,82168
200,82170,82170
233,82172,82172
235,82173,82173
206,82175,82175
233,82180,82190
235,82205,82225
206,82230,82231
235,82232,82232
206,82235,82235
235,82236,82236
233,82239,82240
206,82245,82245
233,82247,82252
206,82260,82260
233,82261,82261
235,82265,82265
206,82268,82268
233,82270,82270
235,82271,82272
233,82273,82370
235,82372,82372
233,82373,82397
235,82400,82405
233,82415,82415
235,82418,82425
233,82435,82436
235,82437,82437
233,82438,82441
235,82443,82443
233,82465,82507
235,82512,82512
233,82520,82534
235,82536,82539
233,82540,82600
235,82601,82601
233,82606,82627
235,82628,82628
233,82633,82635
235,82636,82636
233,82638,82638
235,82639,82639
233,82640,82642
235,82643,82643
233,82646,82654
235,82656,82656
233,82657,82658
206,82660,82660
233,82664,82691
235,82692,82692
233,82693,82726
200,82727,82727
233,82728,82740
235,82741,82741
233,82742,82747
235,82750,82750
233,82755,82777
235,82780,82780
233,82784,82787
205,82790,82817
233,82820,82985
235,82995,82995
233,83000,83003
235,83004,83004
233,83006,83014
206,83015,83018
233,83019,83520
235,83523,83523
233,83524,83525
235,83526,83526
233,83527,83571
235,83576,83576
233,83578,83599
235,83600,83600
233,83605,83634
206,83645,83650
233,83655,83680
235,83681,83685
233,83690,83722
235,83725,83725
233,83727,83727
206,83728,83728
235,83730,83730
233,83735,83789
235,83790,83799
206,83805,83805
233,83825,83840
235,83842,83842
206,83845,83845
233,83857,83859
206,83860,83860
233,83861,83861
206,83862,83862
233,83864,83883
206,83885,83887
233,83890,83919
235,83920,83920
233,83921,83921
206,83925,83925
233,83930,83945
235,83946,83946
233,83947,83947
206,83948,83948
233,83949,83951
235,83965,83965
233,83970,83970
235,83971,83972
233,83973,83973
235,83975,83985
233,83986,83993
235,83995,84005
206,84021,84022
233,84030,84031
235,84033,84033
233,84035,84037
235,84038,84038
233,84039,84040
235,84045,84045
233,84060,84140
235,84141,84142
233,84143,84146
235,84147,84147
233,84149,84176
200,84180,84180
233,84181,84200
235,84201,84201
233,84202,84203
235,84205,84205
233,84206,84228
235,84230,84230
233,84231,84318
235,84324,84324
233,84375,84406
235,84407,84407
206,84408,84408
235,84409,84409
233,84410,84410
235,84420,84420
233,84425,84443
235,84444,84444
233,84445,84446
206,84447,84448
233,84449,84466
235,84472,84474
233,84476,84482
206,84483,84483
233,84484,84613
235,84615,84615
233,84620,84681
235,84695,84695
233,84702,84800
235,84810,84810
233,84830,85060
65,85095,85095
206,85097,85097
65,85100,85102
234,85103,85105
233,85109,85364
235,85365,85365
233,85366,85999
235,86000,86063
233,86064,86067
235,86068,86070
227,86077,86079
235,86080,86148
233,86149,86151
235,86152,86243
233,86244,86244
235,86255,86280
233,86281,86281
235,86282,86318
206,86319,86319
235,86320,86357
234,86358,86358
235,86359,86587
206,86588,86588
235,86590,86594
206,86595,86600
235,86602,86808
206,86812,86826
235,86828,86911
64,86915,86915
235,86920,87003
206,87015,87208
235,87209,87209
206,87210,87492
235,87493,87493
206,87495,87633
235,87634,87634
206,87640,87661
235,87662,87662
206,87797,87999
234,88000,88199
206,88230,88239
235,88240,88241
206,88245,88269
235,88271,88275
206,88280,88299
234,88300,88314
233,88318,88319
234,88321,88323
227,88325,88325
234,88329,88381
233,88384,88386
234,88387,88399
235,88400,88720
233,88738,88741
235,88749,89055
206,89060,89060
235,89100,89105
206,89125,89125
234,89130,89141
206,89160,89190
233,89205,89205
235,89220,89235
234,89240,89240
206,89250,89257
235,89258,89259
206,89260,89331
235,89335,89360
200,89365,89365
235,89398,89398
234,89399,89399
228,90281,90756
231,90760,90784
218,90785,90785
231,90788,90788
218,90791,90792
231,90798,90799
218,90801,90899
213,90900,90915
58,90918,90940
91,90945,90947
227,90951,90970
91,90989,90997
58,90998,90998
91,90999,90999
93,91000,91000
97,91010,91065
98,91100,91100
93,91105,91105
98,91110,91111
97,91112,91122
95,91123,91123
97,91132,91299
220,92002,92140
18,92145,92145
220,92225,92499
31,92502,92504
220,92506,92506
215,92507,92508
220,92510,92510
31,92511,92512
7,92516,92516
40,92520,92520
227,92521,92524
31,92525,92525
231,92526,92526
220,92531,92547
227,92548,92548
220,92550,92596
215,92597,92598
231,92599,92599
220,92601,92609
31,92610,92617
220,92618,92625
25,92626,92627
26,92630,92633
25,92640,92640
31,92700,92700
45,92920,92944
63,92950,92960
49,92961,92961
50,92970,92971
45,92973,92973
67,92974,92974
46,92975,92977
193,92978,92979
45,92980,92984
43,92986,92990
49,92992,92993
45,92995,92996
54,92997,92998
202,93000,93014
201,93015,93018
62,93024,93024
202,93025,93042
62,93050,93050
202,93201,93202
62,93204,93204
202,93205,93221
62,93222,93222
203,93224,93255
62,93260,93264
203,93268,93299
193,93303,93355
47,93451,93501
204,93503,93503
62,93505,93505
47,93508,93533
48,93536,93536
47,93539,93572
49,93580,93583
43,93590,93592
62,93600,93644
225,93650,93657
203,93660,93660
193,93662,93662
215,93668,93668
62,93701,93701
235,93702,93702
40,93720,93722
203,93724,93735
62,93736,93740
203,93741,93745
62,93750,93790
227,93792,93793
215,93797,93798
62,93799,93799
192,93875,93895
62,93920,93924
197,93925,93971
196,93975,93976
197,93978,93981
62,93982,93982
197,93990,93990
62,93998,93998
231,94002,94004
236,94005,94005
38,94010,94453
231,94610,94610
38,94617,94621
217,94640,94652
216,94656,94662
233,94664,94665
217,94667,94669
233,94680,94690
205,94700,94710
233,94715,94725
38,94726,94729
233,94750,94770
226,94772,94772
236,94774,94777
227,94780,94781
41,94799,94799
173,95000,95011
40,95012,95012
173,95014,95079
227,95105,95105
228,95115,95165
237,95170,95170
231,95180,95199
11,95249,95251
227,95782,95811
199,95812,95827
227,95828,95828
199,95829,95830
212,95831,95834
7,95836,95836
212,95842,95852
7,95857,95872
8,95873,95873
7,95874,95882
218,95883,95883
7,95885,95943
199,95950,95962
7,95965,95984
8,95990,95992
7,95999,96003
227,96004,96004
7,96020,96020
227,96040,96040
218,96100,96103
7,96105,96115
218,96116,96161
231,96269,96376
240,96377,96377
231,96379,96379
224,96400,96520
237,96521,96522
231,96523,96523
224,96530,96549
174,96567,96900
206,96902,96902
174,96904,96922
173,96931,96936
174,96999,96999
212,97001,97006
213,97010,97010
214,97012,97012
213,97014,97035
214,97036,97036
215,97039,97039
213,97110,97120
214,97122,97122
213,97124,97126
215,97127,97127
213,97128,97128
215,97139,97139
213,97140,97150
218,97151,97158
212,97161,97172
214,97220,97241
213,97250,97265
215,97500,97521
213,97530,97531
215,97532,97542
213,97545,97546
214,97597,97608
231,97610,97610
212,97700,97752
215,97755,97770
213,97780,97781
215,97799,97799
237,97802,97804
213,97810,97814
215,98925,98929
163,98940,98943
237,98960,99002
231,99024,99025
227,99026,99050
231,99051,99051
227,99052,99052
231,99053,99053
227,99054,99058
231,99060,99060
237,99070,99082
227,99090,99091
232,99100,99140
231,99141,99142
232,99143,99157
227,99170,99170
220,99172,99174
98,99175,99175
220,99177,99177
218,99178,99178
231,99180,99186
32,99188,99188
237,99190,99192
231,99195,99195
237,99199,99199
227,99201,99285
231,99288,99290
227,99291,99412
237,99415,99416
227,99420,99435
231,99436,99436
227,99438,99438
231,99440,99440
227,99441,99463
231,99464,99467
227,99468,99480
231,99481,99482
227,99483,99483
218,99484,99484
231,99485,99486
227,99487,99491
218,99492,99494
227,99495,99499
236,99500,99602
227,99605,99607
